	0	CEL_W	FUK_W	NIS_W	KAT_W	KUR_P	FUK_P	ONO_P	KAT_P
C0	-0.7575394745432802	-1.2332555932557154	-1.1472203306829247	-0.7046365127198362	-0.05452577229802203	0.5226779791261054	1.055980666171752	1.2416055017989984	1.076913536402924
C1	0.7259457966192997	1.0744067675202125	1.0898322573599697	0.7964092444404608	0.2507360718096405	-0.3523995527618992	-1.1038693213563269	-1.3218840779442167	-1.1591771856871405
